"Designator","Comment","Value","Footprint","JLCPCB Part #"
"U7","","C12462","C12462","C12462"
"U8","","C55266","C55266","C55266"
"U9","","C96333","C96333","C96333"
"L1","","C80662","C80662","C80662"
"U1","","C2040","C2040","C2040"
"U2","","C131025","C131025","C131025"
"U3","","C51118","C51118","C51118"
"U4","","C7519","C7519","C7519"
"U5","","C2869734","C2869734","C2869734"
"U6","","C7519","C7519","C7519"
"J1","","C165948","C165948","C165948"
"F1","","C17313","C17313","C17313"
"Y1","","C20625731","C20625731","C20625731"
"SW1","","C318884","C318884","C318884"
"SW2","","C318884","C318884","C318884"
"LED1","","C2297","C2297","C2297"
"LED2","","C2297","C2297","C2297"
"Q1","","C20917","C20917","C20917"
"Q2","","C20917","C20917","C20917"
"Q3","","C20917","C20917","C20917"
"Q4","","C20917","C20917","C20917"
"Q5","","C20917","C20917","C20917"
"J2","","C474892","C474892","C474892"
"J3","","C474892","C474892","C474892"
"J4","","C474892","C474892","C474892"
"J5","","C474892","C474892","C474892"
"J6","","C474892","C474892","C474892"
"R1","5.1k","5.1k","C23186","C23186"
"R2","5.1k","5.1k","C23186","C23186"
"R3","27","27","C25190","C25190"
"R4","27","27","C25190","C25190"
"R5","10k","10k","C25804","C25804"
"R6","1k","1k","C21190","C21190"
"R7","1k","1k","C21190","C21190"
"R8","1k","1k","C21190","C21190"
"R9","10k","10k","C25804","C25804"
"R10","1k","1k","C21190","C21190"
"R11","100","100","C22775","C22775"
"R12","10k","10k","C25804","C25804"
"R13","100","100","C22775","C22775"
"R14","10k","10k","C25804","C25804"
"R15","100","100","C22775","C22775"
"R16","10k","10k","C25804","C25804"
"R17","100k","100k","C25803","C25803"
"R18","100","100","C22775","C22775"
"R19","100k","100k","C25803","C25803"
"R20","1k","1k","C21190","C21190"
"R21","10k","10k","C25804","C25804"
"R22","1k","1k","C21190","C21190"
"R23","10k","10k","C25804","C25804"
"R24","100k","100k","C25803","C25803"
"R25","100k","100k","C25803","C25803"
"C1","1u","1u","C52923","C52923"
"C2","1u","1u","C52923","C52923"
"C3","2.2u","2.2u","C19110","C19110"
"C4","1u","1u","C52923","C52923"
"C5","1u","1u","C52923","C52923"
"C6","100n","100n","C1525","C1525"
"C7","100n","100n","C1525","C1525"
"C8","100n","100n","C1525","C1525"
"C9","100n","100n","C1525","C1525"
"C10","100n","100n","C1525","C1525"
"C11","100n","100n","C1525","C1525"
"C12","100n","100n","C1525","C1525"
"C13","100n","100n","C1525","C1525"
"C14","100n","100n","C1525","C1525"
"C15","15p","15p","C1548","C1548"
"C16","15p","15p","C1548","C1548"
"C17","100n","100n","C14663","C14663"
"C18","100n","100n","C14663","C14663"
"C19","100n","100n","C14663","C14663"
"R26","75k","75k","C723587","C723587"
"R27","10k","10k","C95204","C95204"
"R28","10k","10k","C95204","C95204"
"R29","100k","100k","C25803","C25803"
"R30","100k","100k","C25803","C25803"
"R31","10k","10k","C25804","C25804"
"R32","100k","100k","C25803","C25803"
"R33","10k","10k","C25804","C25804"
"C21","22u","22u","C45783","C45783"
"C22","22u","22u","C45783","C45783"
"C23","22u","22u","C45783","C45783"
"C24","100n","100n","C1525","C1525"
"C25","100n","100n","C1525","C1525"
"C26","1u","1u","C52923","C52923"