"Designator","Quantity","Comment","Manufacturer","Manufacturer Part Number","Footprint","LCSC Part #","Catalog URL","Datasheet URL","Assembly category","Assembly mode","JLC assembly eligible quantity","Checked on"
"U7","1","4.75 V driver buck-boost regulator","Texas Instruments","TPS63030DSKR","SON-10-EP(2.5x2.5)","C12462","https://jlcpcb.com/partdetail/C12462","https://www.ti.com/cn/lit/gpn/tps63031","Extended","smtWeld","9080","2026-09-28"
"U8","1","Driver branch current-limiting switch","Texas Instruments","TPS2553DBVR","SOT-23-6","C55266","https://jlcpcb.com/partdetail/C55266","https://www.ti.com/cn/lit/gpn/tps2553","Extended","smtWeld","58665","2026-09-28"
"U9","1","3.3 V brownout supervisor","Texas Instruments","TPS3839K33DBZR","SOT-23","C96333","https://jlcpcb.com/partdetail/C96333","https://www.ti.com/cn/lit/gpn/tps3839","Extended","smtWeld","682","2026-09-28"
"L1","1","1.5 uH buck-boost inductor","Sunlord","SWPA4018S1R5NT","SMD,4x4mm","C80662","https://jlcpcb.com/partdetail/C80662","https://www.lcsc.com/datasheet/lcsc_datasheet_2310251551_Sunlord-SWPA4018S1R5NT_C80662.pdf","Extended","smtWeld","1202","2026-09-28"
"U1","1","RP2040 processor","Raspberry Pi","RP2040","LQFN-56(7x7)","C2040","https://jlcpcb.com/partdetail/C2040","https://www.lcsc.com/datasheet/lcsc_datasheet_2201101600_Raspberry-Pi-RP2040_C2040.pdf","Extended","smtWeld","67983","2026-09-28"
"U2","1","16-Mbit boot flash","Winbond Elec","W25Q16JVSSIQ","SOIC-8-208mil","C131025","https://jlcpcb.com/partdetail/C131025","https://www.lcsc.com/datasheet/lcsc_datasheet_2103181405_Winbond-Elec-W25Q16JVSSIQ_C131025.pdf","Extended","smtWeld","12640","2026-09-28"
"U3","1","3.3 V LDO","Diodes Incorporated","AP2112K-3.3TRG1","SOT-25-5","C51118","https://jlcpcb.com/partdetail/C51118","https://www.lcsc.com/datasheet/lcsc_datasheet_2304140030_Diodes-Incorporated-AP2112K-3-3TRG1_C51118.pdf","Extended","smtWeld","39752","2026-09-28"
"U4","1","USB ESD","STMicroelectronics","USBLC6-2SC6","SOT-23-6L","C7519","https://jlcpcb.com/partdetail/C7519","https://www.lcsc.com/datasheet/lcsc_datasheet_2410121836_STMicroelectronics-USBLC6-2SC6_C7519.pdf","Extended","smtWeld","40780","2026-09-28"
"U5","1","Reverse-current blocker","Texas Instruments","LM66100DCKR","SC-70-6","C2869734","https://jlcpcb.com/partdetail/C2869734","https://www.ti.com/cn/lit/ds/symlink/lm66100.pdf","Extended","smtWeld","35607","2026-09-28"
"U6","1","Limit input ESD","STMicroelectronics","USBLC6-2SC6","SOT-23-6L","C7519","https://jlcpcb.com/partdetail/C7519","https://www.lcsc.com/datasheet/lcsc_datasheet_2410121836_STMicroelectronics-USBLC6-2SC6_C7519.pdf","Extended","smtWeld","40780","2026-09-28"
"J1","1","USB-C receptacle","Korean Hroparts Elec","TYPE-C-31-M-12","SMD","C165948","https://jlcpcb.com/partdetail/C165948","https://www.lcsc.com/datasheet/lcsc_datasheet_2205251630_Korean-Hroparts-Elec-TYPE-C-31-M-12_C165948.pdf","Extended","smtWeld","436119","2026-09-28"
"F1","1","500 mA hold resettable fuse","BOURNS","MF-MSMF050-2","1812","C17313","https://jlcpcb.com/partdetail/C17313","https://www.lcsc.com/datasheet/lcsc_datasheet_2410010331_BOURNS-MF-MSMF050-2_C17313.pdf","Extended","smtWeld","136466","2026-09-28"
"Y1","1","12 MHz 10 pF crystal","Abracon LLC","ABM8-272-T3","SMD3225-4P","C20625731","https://jlcpcb.com/partdetail/C20625731","https://www.lcsc.com/datasheet/lcsc_datasheet_2410121909_Abracon-LLC-ABM8-272-T3_C20625731.pdf","Extended","smtWeld","15051","2026-09-28"
"SW1","1","BOOTSEL","XKB Connection","TS-1187A-B-A-B","SMD-4P,5.1x5.1mm","C318884","https://jlcpcb.com/partdetail/C318884","https://www.lcsc.com/datasheet/lcsc_datasheet_2304140030_XKB-Connection-TS-1187A-B-A-B_C318884.pdf","Basic","smtWeld","499659","2026-09-28"
"SW2","1","RESET","XKB Connection","TS-1187A-B-A-B","SMD-4P,5.1x5.1mm","C318884","https://jlcpcb.com/partdetail/C318884","https://www.lcsc.com/datasheet/lcsc_datasheet_2304140030_XKB-Connection-TS-1187A-B-A-B_C318884.pdf","Basic","smtWeld","499659","2026-09-28"
"LED1","1","Power LED","Hubei KENTO Elec","KT-0805G","0805","C2297","https://jlcpcb.com/partdetail/C2297","https://www.lcsc.com/datasheet/lcsc_datasheet_1806151820_Hubei-KENTO-Elec-KT-0805G_C2297.pdf","Basic","smtWeld","965305","2026-09-28"
"LED2","1","Status LED","Hubei KENTO Elec","KT-0805G","0805","C2297","https://jlcpcb.com/partdetail/C2297","https://www.lcsc.com/datasheet/lcsc_datasheet_1806151820_Hubei-KENTO-Elec-KT-0805G_C2297.pdf","Basic","smtWeld","965305","2026-09-28"
"Q1","1","Output MOSFET","Alpha & Omega Semicon","AO3400A","SOT-23","C20917","https://jlcpcb.com/partdetail/C20917","https://www.lcsc.com/datasheet/lcsc_datasheet_1811081213_Alpha---Omega-Semicon-AO3400A_C20917.pdf","Basic","smtWeld","904904","2026-09-28"
"Q2","1","Output MOSFET","Alpha & Omega Semicon","AO3400A","SOT-23","C20917","https://jlcpcb.com/partdetail/C20917","https://www.lcsc.com/datasheet/lcsc_datasheet_1811081213_Alpha---Omega-Semicon-AO3400A_C20917.pdf","Basic","smtWeld","904904","2026-09-28"
"Q3","1","Output MOSFET","Alpha & Omega Semicon","AO3400A","SOT-23","C20917","https://jlcpcb.com/partdetail/C20917","https://www.lcsc.com/datasheet/lcsc_datasheet_1811081213_Alpha---Omega-Semicon-AO3400A_C20917.pdf","Basic","smtWeld","904904","2026-09-28"
"Q4","1","Output MOSFET","Alpha & Omega Semicon","AO3400A","SOT-23","C20917","https://jlcpcb.com/partdetail/C20917","https://www.lcsc.com/datasheet/lcsc_datasheet_1811081213_Alpha---Omega-Semicon-AO3400A_C20917.pdf","Basic","smtWeld","904904","2026-09-28"
"Q5","1","Output MOSFET","Alpha & Omega Semicon","AO3400A","SOT-23","C20917","https://jlcpcb.com/partdetail/C20917","https://www.lcsc.com/datasheet/lcsc_datasheet_1811081213_Alpha---Omega-Semicon-AO3400A_C20917.pdf","Basic","smtWeld","904904","2026-09-28"
"J2","1","3.5 mm pitch 2-pole screw terminal","Cixi Kefa Elec","KF350-3.5-2P","Plugin,P=3.5mm","C474892","https://jlcpcb.com/partdetail/C474892","https://www.lcsc.com/datasheet/lcsc_datasheet_2303171000_Cixi-Kefa-Elec-KF350-3-5-2P_C474892.pdf","Extended","manualWeld","6873","2026-09-28"
"J3","1","3.5 mm pitch 2-pole screw terminal","Cixi Kefa Elec","KF350-3.5-2P","Plugin,P=3.5mm","C474892","https://jlcpcb.com/partdetail/C474892","https://www.lcsc.com/datasheet/lcsc_datasheet_2303171000_Cixi-Kefa-Elec-KF350-3-5-2P_C474892.pdf","Extended","manualWeld","6873","2026-09-28"
"J4","1","3.5 mm pitch 2-pole screw terminal","Cixi Kefa Elec","KF350-3.5-2P","Plugin,P=3.5mm","C474892","https://jlcpcb.com/partdetail/C474892","https://www.lcsc.com/datasheet/lcsc_datasheet_2303171000_Cixi-Kefa-Elec-KF350-3-5-2P_C474892.pdf","Extended","manualWeld","6873","2026-09-28"
"J5","1","3.5 mm pitch 2-pole screw terminal","Cixi Kefa Elec","KF350-3.5-2P","Plugin,P=3.5mm","C474892","https://jlcpcb.com/partdetail/C474892","https://www.lcsc.com/datasheet/lcsc_datasheet_2303171000_Cixi-Kefa-Elec-KF350-3-5-2P_C474892.pdf","Extended","manualWeld","6873","2026-09-28"
"J6","1","3.5 mm pitch 2-pole screw terminal","Cixi Kefa Elec","KF350-3.5-2P","Plugin,P=3.5mm","C474892","https://jlcpcb.com/partdetail/C474892","https://www.lcsc.com/datasheet/lcsc_datasheet_2303171000_Cixi-Kefa-Elec-KF350-3-5-2P_C474892.pdf","Extended","manualWeld","6873","2026-09-28"
"R1","1","5.1k: USB-C CC1 sink termination","UNI-ROYAL(Uniroyal Elec)","0603WAF5101T5E","0603","C23186","https://jlcpcb.com/partdetail/C23186","https://www.lcsc.com/datasheet/lcsc_datasheet_2206010116_UNI-ROYAL-Uniroyal-Elec-0603WAF5101T5E_C23186.pdf","Basic","smtWeld","24874911","2026-09-28"
"R2","1","5.1k: USB-C CC2 sink termination","UNI-ROYAL(Uniroyal Elec)","0603WAF5101T5E","0603","C23186","https://jlcpcb.com/partdetail/C23186","https://www.lcsc.com/datasheet/lcsc_datasheet_2206010116_UNI-ROYAL-Uniroyal-Elec-0603WAF5101T5E_C23186.pdf","Basic","smtWeld","24874911","2026-09-28"
"R3","1","27: USB D+ series termination","UNI-ROYAL(Uniroyal Elec)","0603WAF270JT5E","0603","C25190","https://jlcpcb.com/partdetail/C25190","https://www.lcsc.com/datasheet/lcsc_datasheet_2205311845_UNI-ROYAL-Uniroyal-Elec-0603WAF270JT5E_C25190.pdf","Extended","smtWeld","63296","2026-09-28"
"R4","1","27: USB D- series termination","UNI-ROYAL(Uniroyal Elec)","0603WAF270JT5E","0603","C25190","https://jlcpcb.com/partdetail/C25190","https://www.lcsc.com/datasheet/lcsc_datasheet_2205311845_UNI-ROYAL-Uniroyal-Elec-0603WAF270JT5E_C25190.pdf","Extended","smtWeld","63296","2026-09-28"
"R5","1","10k: Flash CS startup pullup","UNI-ROYAL(Uniroyal Elec)","0603WAF1002T5E","0603","C25804","https://jlcpcb.com/partdetail/C25804","https://www.lcsc.com/datasheet/lcsc_datasheet_2206010045_UNI-ROYAL-Uniroyal-Elec-0603WAF1002T5E_C25804.pdf","Basic","smtWeld","15191596","2026-09-28"
"R6","1","1k: BOOTSEL current limitation","UNI-ROYAL(Uniroyal Elec)","0603WAF1001T5E","0603","C21190","https://jlcpcb.com/partdetail/C21190","https://www.lcsc.com/datasheet/lcsc_datasheet_2206010130_UNI-ROYAL-Uniroyal-Elec-0603WAF1001T5E_C21190.pdf","Basic","smtWeld","18075684","2026-09-28"
"R7","1","1k: Crystal drive damping","UNI-ROYAL(Uniroyal Elec)","0603WAF1001T5E","0603","C21190","https://jlcpcb.com/partdetail/C21190","https://www.lcsc.com/datasheet/lcsc_datasheet_2206010130_UNI-ROYAL-Uniroyal-Elec-0603WAF1001T5E_C21190.pdf","Basic","smtWeld","18075684","2026-09-28"
"R8","1","1k: Supervisor output isolation for RESET button","UNI-ROYAL(Uniroyal Elec)","0603WAF1001T5E","0603","C21190","https://jlcpcb.com/partdetail/C21190","https://www.lcsc.com/datasheet/lcsc_datasheet_2206010130_UNI-ROYAL-Uniroyal-Elec-0603WAF1001T5E_C21190.pdf","Basic","smtWeld","18075684","2026-09-28"
"R9","1","10k: Power LED current limitation","UNI-ROYAL(Uniroyal Elec)","0603WAF1002T5E","0603","C25804","https://jlcpcb.com/partdetail/C25804","https://www.lcsc.com/datasheet/lcsc_datasheet_2206010045_UNI-ROYAL-Uniroyal-Elec-0603WAF1002T5E_C25804.pdf","Basic","smtWeld","15191596","2026-09-28"
"R10","1","1k: Status LED current limitation","UNI-ROYAL(Uniroyal Elec)","0603WAF1001T5E","0603","C21190","https://jlcpcb.com/partdetail/C21190","https://www.lcsc.com/datasheet/lcsc_datasheet_2206010130_UNI-ROYAL-Uniroyal-Elec-0603WAF1001T5E_C21190.pdf","Basic","smtWeld","18075684","2026-09-28"
"R11","1","100: STEP MOSFET gate series","UNI-ROYAL(Uniroyal Elec)","0603WAF1000T5E","0603","C22775","https://jlcpcb.com/partdetail/C22775","https://www.lcsc.com/datasheet/lcsc_datasheet_2411221126_UNI-ROYAL-Uniroyal-Elec-0603WAF1000T5E_C22775.pdf","Basic","smtWeld","10468872","2026-09-28"
"R12","1","10k: STEP default off","UNI-ROYAL(Uniroyal Elec)","0603WAF1002T5E","0603","C25804","https://jlcpcb.com/partdetail/C25804","https://www.lcsc.com/datasheet/lcsc_datasheet_2206010045_UNI-ROYAL-Uniroyal-Elec-0603WAF1002T5E_C25804.pdf","Basic","smtWeld","15191596","2026-09-28"
"R13","1","100: Arm MOSFET gate series","UNI-ROYAL(Uniroyal Elec)","0603WAF1000T5E","0603","C22775","https://jlcpcb.com/partdetail/C22775","https://www.lcsc.com/datasheet/lcsc_datasheet_2411221126_UNI-ROYAL-Uniroyal-Elec-0603WAF1000T5E_C22775.pdf","Basic","smtWeld","10468872","2026-09-28"
"R14","1","10k: Arm default off","UNI-ROYAL(Uniroyal Elec)","0603WAF1002T5E","0603","C25804","https://jlcpcb.com/partdetail/C25804","https://www.lcsc.com/datasheet/lcsc_datasheet_2206010045_UNI-ROYAL-Uniroyal-Elec-0603WAF1002T5E_C25804.pdf","Basic","smtWeld","15191596","2026-09-28"
"R15","1","100: DIR MOSFET gate series","UNI-ROYAL(Uniroyal Elec)","0603WAF1000T5E","0603","C22775","https://jlcpcb.com/partdetail/C22775","https://www.lcsc.com/datasheet/lcsc_datasheet_2411221126_UNI-ROYAL-Uniroyal-Elec-0603WAF1000T5E_C22775.pdf","Basic","smtWeld","10468872","2026-09-28"
"R16","1","10k: DIR default off","UNI-ROYAL(Uniroyal Elec)","0603WAF1002T5E","0603","C25804","https://jlcpcb.com/partdetail/C25804","https://www.lcsc.com/datasheet/lcsc_datasheet_2206010045_UNI-ROYAL-Uniroyal-Elec-0603WAF1002T5E_C25804.pdf","Basic","smtWeld","15191596","2026-09-28"
"R17","1","100k: Driver default disabled while powered","UNI-ROYAL(Uniroyal Elec)","0603WAF1003T5E","0603","C25803","https://jlcpcb.com/partdetail/C25803","https://www.lcsc.com/datasheet/lcsc_datasheet_2206010045_UNI-ROYAL-Uniroyal-Elec-0603WAF1003T5E_C25803.pdf","Basic","smtWeld","20868686","2026-09-28"
"R18","1","100: Enable inverter gate series","UNI-ROYAL(Uniroyal Elec)","0603WAF1000T5E","0603","C22775","https://jlcpcb.com/partdetail/C22775","https://www.lcsc.com/datasheet/lcsc_datasheet_2411221126_UNI-ROYAL-Uniroyal-Elec-0603WAF1000T5E_C22775.pdf","Basic","smtWeld","10468872","2026-09-28"
"R19","1","100k: Enable command default off","UNI-ROYAL(Uniroyal Elec)","0603WAF1003T5E","0603","C25803","https://jlcpcb.com/partdetail/C25803","https://www.lcsc.com/datasheet/lcsc_datasheet_2206010045_UNI-ROYAL-Uniroyal-Elec-0603WAF1003T5E_C25803.pdf","Basic","smtWeld","20868686","2026-09-28"
"R20","1","1k: Minimum limit input series protection","UNI-ROYAL(Uniroyal Elec)","0603WAF1001T5E","0603","C21190","https://jlcpcb.com/partdetail/C21190","https://www.lcsc.com/datasheet/lcsc_datasheet_2206010130_UNI-ROYAL-Uniroyal-Elec-0603WAF1001T5E_C21190.pdf","Basic","smtWeld","18075684","2026-09-28"
"R21","1","10k: Minimum limit open-wire detection","UNI-ROYAL(Uniroyal Elec)","0603WAF1002T5E","0603","C25804","https://jlcpcb.com/partdetail/C25804","https://www.lcsc.com/datasheet/lcsc_datasheet_2206010045_UNI-ROYAL-Uniroyal-Elec-0603WAF1002T5E_C25804.pdf","Basic","smtWeld","15191596","2026-09-28"
"R22","1","1k: Maximum limit input series protection","UNI-ROYAL(Uniroyal Elec)","0603WAF1001T5E","0603","C21190","https://jlcpcb.com/partdetail/C21190","https://www.lcsc.com/datasheet/lcsc_datasheet_2206010130_UNI-ROYAL-Uniroyal-Elec-0603WAF1001T5E_C21190.pdf","Basic","smtWeld","18075684","2026-09-28"
"R23","1","10k: Maximum limit open-wire detection","UNI-ROYAL(Uniroyal Elec)","0603WAF1002T5E","0603","C25804","https://jlcpcb.com/partdetail/C25804","https://www.lcsc.com/datasheet/lcsc_datasheet_2206010045_UNI-ROYAL-Uniroyal-Elec-0603WAF1002T5E_C25804.pdf","Basic","smtWeld","15191596","2026-09-28"
"R24","1","100k: 5V measurement upper divider","UNI-ROYAL(Uniroyal Elec)","0603WAF1003T5E","0603","C25803","https://jlcpcb.com/partdetail/C25803","https://www.lcsc.com/datasheet/lcsc_datasheet_2206010045_UNI-ROYAL-Uniroyal-Elec-0603WAF1003T5E_C25803.pdf","Basic","smtWeld","20868686","2026-09-28"
"R25","1","100k: 5V measurement lower divider","UNI-ROYAL(Uniroyal Elec)","0603WAF1003T5E","0603","C25803","https://jlcpcb.com/partdetail/C25803","https://www.lcsc.com/datasheet/lcsc_datasheet_2206010045_UNI-ROYAL-Uniroyal-Elec-0603WAF1003T5E_C25803.pdf","Basic","smtWeld","20868686","2026-09-28"
"C1","1","1uF: USB input bypass","Samsung Electro-Mechanics","CL05A105KA5NQNC","0402","C52923","https://jlcpcb.com/partdetail/C52923","https://www.lcsc.com/datasheet/lcsc_datasheet_2304140030_Samsung-Electro-Mechanics-CL05A105KA5NQNC_C52923.pdf","Basic","smtWeld","4535520","2026-09-28"
"C2","1","1uF: LDO input stability","Samsung Electro-Mechanics","CL05A105KA5NQNC","0402","C52923","https://jlcpcb.com/partdetail/C52923","https://www.lcsc.com/datasheet/lcsc_datasheet_2304140030_Samsung-Electro-Mechanics-CL05A105KA5NQNC_C52923.pdf","Basic","smtWeld","4535520","2026-09-28"
"C3","1","2.2uF: LDO output stability","Samsung Electro-Mechanics","CL21B225KAFNNNE","0805","C19110","https://jlcpcb.com/partdetail/C19110","https://www.lcsc.com/datasheet/lcsc_datasheet_2304140030_Samsung-Electro-Mechanics-CL21B225KAFNNNE_C19110.pdf","Extended","smtWeld","72521","2026-09-28"
"C4","1","1uF: RP2040 VREG_IN stability","Samsung Electro-Mechanics","CL05A105KA5NQNC","0402","C52923","https://jlcpcb.com/partdetail/C52923","https://www.lcsc.com/datasheet/lcsc_datasheet_2304140030_Samsung-Electro-Mechanics-CL05A105KA5NQNC_C52923.pdf","Basic","smtWeld","4535520","2026-09-28"
"C5","1","1uF: RP2040 VREG_OUT stability","Samsung Electro-Mechanics","CL05A105KA5NQNC","0402","C52923","https://jlcpcb.com/partdetail/C52923","https://www.lcsc.com/datasheet/lcsc_datasheet_2304140030_Samsung-Electro-Mechanics-CL05A105KA5NQNC_C52923.pdf","Basic","smtWeld","4535520","2026-09-28"
"C6","1","100nF: U1 IOVDD pin1 bypass","Samsung Electro-Mechanics","CL05B104KO5NNNC","0402","C1525","https://jlcpcb.com/partdetail/C1525","https://www.lcsc.com/datasheet/lcsc_datasheet_2304140030_Samsung-Electro-Mechanics-CL05B104KO5NNNC_C1525.pdf","Basic","smtWeld","17973853","2026-09-28"
"C7","1","100nF: U1 IOVDD pin10 bypass","Samsung Electro-Mechanics","CL05B104KO5NNNC","0402","C1525","https://jlcpcb.com/partdetail/C1525","https://www.lcsc.com/datasheet/lcsc_datasheet_2304140030_Samsung-Electro-Mechanics-CL05B104KO5NNNC_C1525.pdf","Basic","smtWeld","17973853","2026-09-28"
"C8","1","100nF: U1 IOVDD pin22 bypass","Samsung Electro-Mechanics","CL05B104KO5NNNC","0402","C1525","https://jlcpcb.com/partdetail/C1525","https://www.lcsc.com/datasheet/lcsc_datasheet_2304140030_Samsung-Electro-Mechanics-CL05B104KO5NNNC_C1525.pdf","Basic","smtWeld","17973853","2026-09-28"
"C9","1","100nF: U1 DVDD pin23 bypass","Samsung Electro-Mechanics","CL05B104KO5NNNC","0402","C1525","https://jlcpcb.com/partdetail/C1525","https://www.lcsc.com/datasheet/lcsc_datasheet_2304140030_Samsung-Electro-Mechanics-CL05B104KO5NNNC_C1525.pdf","Basic","smtWeld","17973853","2026-09-28"
"C10","1","100nF: U1 IOVDD pin33 bypass","Samsung Electro-Mechanics","CL05B104KO5NNNC","0402","C1525","https://jlcpcb.com/partdetail/C1525","https://www.lcsc.com/datasheet/lcsc_datasheet_2304140030_Samsung-Electro-Mechanics-CL05B104KO5NNNC_C1525.pdf","Basic","smtWeld","17973853","2026-09-28"
"C11","1","100nF: U1 IOVDD pin42 and ADC bypass","Samsung Electro-Mechanics","CL05B104KO5NNNC","0402","C1525","https://jlcpcb.com/partdetail/C1525","https://www.lcsc.com/datasheet/lcsc_datasheet_2304140030_Samsung-Electro-Mechanics-CL05B104KO5NNNC_C1525.pdf","Basic","smtWeld","17973853","2026-09-28"
"C12","1","100nF: U1 USB_VDD and IOVDD49 bypass","Samsung Electro-Mechanics","CL05B104KO5NNNC","0402","C1525","https://jlcpcb.com/partdetail/C1525","https://www.lcsc.com/datasheet/lcsc_datasheet_2304140030_Samsung-Electro-Mechanics-CL05B104KO5NNNC_C1525.pdf","Basic","smtWeld","17973853","2026-09-28"
"C13","1","100nF: U1 DVDD pin50 bypass","Samsung Electro-Mechanics","CL05B104KO5NNNC","0402","C1525","https://jlcpcb.com/partdetail/C1525","https://www.lcsc.com/datasheet/lcsc_datasheet_2304140030_Samsung-Electro-Mechanics-CL05B104KO5NNNC_C1525.pdf","Basic","smtWeld","17973853","2026-09-28"
"C14","1","100nF: Flash bypass","Samsung Electro-Mechanics","CL05B104KO5NNNC","0402","C1525","https://jlcpcb.com/partdetail/C1525","https://www.lcsc.com/datasheet/lcsc_datasheet_2304140030_Samsung-Electro-Mechanics-CL05B104KO5NNNC_C1525.pdf","Basic","smtWeld","17973853","2026-09-28"
"C15","1","15pF: Crystal 10pF load network","FH (Guangdong Fenghua Advanced Tech)","0402CG150J500NT","0402","C1548","https://jlcpcb.com/partdetail/C1548","https://www.lcsc.com/datasheet/lcsc_datasheet_2304140030_FH--Guangdong-Fenghua-Advanced-Tech-0402CG150J500NT_C1548.pdf","Basic","smtWeld","1332539","2026-09-28"
"C16","1","15pF: Crystal 10pF load network","FH (Guangdong Fenghua Advanced Tech)","0402CG150J500NT","0402","C1548","https://jlcpcb.com/partdetail/C1548","https://www.lcsc.com/datasheet/lcsc_datasheet_2304140030_FH--Guangdong-Fenghua-Advanced-Tech-0402CG150J500NT_C1548.pdf","Basic","smtWeld","1332539","2026-09-28"
"C17","1","100nF: Minimum limit RC filter","YAGEO","CC0603KRX7R9BB104","0603","C14663","https://jlcpcb.com/partdetail/C14663","https://www.lcsc.com/datasheet/lcsc_datasheet_2211101700_YAGEO-CC0603KRX7R9BB104_C14663.pdf","Basic","smtWeld","45050464","2026-09-28"
"C18","1","100nF: Maximum limit RC filter","YAGEO","CC0603KRX7R9BB104","0603","C14663","https://jlcpcb.com/partdetail/C14663","https://www.lcsc.com/datasheet/lcsc_datasheet_2211101700_YAGEO-CC0603KRX7R9BB104_C14663.pdf","Basic","smtWeld","45050464","2026-09-28"
"C19","1","100nF: Supply ADC filtering","YAGEO","CC0603KRX7R9BB104","0603","C14663","https://jlcpcb.com/partdetail/C14663","https://www.lcsc.com/datasheet/lcsc_datasheet_2211101700_YAGEO-CC0603KRX7R9BB104_C14663.pdf","Basic","smtWeld","45050464","2026-09-28"
"R26","1","75k: Driver feedback upper series resistor","YAGEO","RT0603BRD0775KL","0603","C723587","https://jlcpcb.com/partdetail/C723587","https://wmsc.lcsc.com/wmsc/upload/file/pdf/v2/lcsc/2008171334_YAGEO-RT0603BRD0775KL_C723587.pdf","Extended","smtWeld","156921","2026-09-28"
"R27","1","10k: Driver feedback upper series resistor","YAGEO","RT0603BRD0710KL","0603","C95204","https://jlcpcb.com/partdetail/C95204","https://wmsc.lcsc.com/wmsc/upload/file/pdf/v2/lcsc/1811082117_YAGEO-RT0603BRD0710KL_C95204.pdf","Extended","smtWeld","1162560","2026-09-28"
"R28","1","10k: Driver feedback lower resistor: 4.75 V nominal","YAGEO","RT0603BRD0710KL","0603","C95204","https://jlcpcb.com/partdetail/C95204","https://wmsc.lcsc.com/wmsc/upload/file/pdf/v2/lcsc/1811082117_YAGEO-RT0603BRD0710KL_C95204.pdf","Extended","smtWeld","1162560","2026-09-28"
"R29","1","100k: Driver load switch defaults off","UNI-ROYAL(Uniroyal Elec)","0603WAF1003T5E","0603","C25803","https://jlcpcb.com/partdetail/C25803","https://www.lcsc.com/datasheet/lcsc_datasheet_2206010045_UNI-ROYAL-Uniroyal-Elec-0603WAF1003T5E_C25803.pdf","Basic","smtWeld","20868686","2026-09-28"
"R30","1","100k: Driver regulator defaults off","UNI-ROYAL(Uniroyal Elec)","0603WAF1003T5E","0603","C25803","https://jlcpcb.com/partdetail/C25803","https://www.lcsc.com/datasheet/lcsc_datasheet_2206010045_UNI-ROYAL-Uniroyal-Elec-0603WAF1003T5E_C25803.pdf","Basic","smtWeld","20868686","2026-09-28"
"R31","1","10k: Discharge driver rail after shutdown","UNI-ROYAL(Uniroyal Elec)","0603WAF1002T5E","0603","C25804","https://jlcpcb.com/partdetail/C25804","https://www.lcsc.com/datasheet/lcsc_datasheet_2206010045_UNI-ROYAL-Uniroyal-Elec-0603WAF1002T5E_C25804.pdf","Basic","smtWeld","15191596","2026-09-28"
"R32","1","100k: Driver branch current limit (100k, 1%)","UNI-ROYAL(Uniroyal Elec)","0603WAF1003T5E","0603","C25803","https://jlcpcb.com/partdetail/C25803","https://www.lcsc.com/datasheet/lcsc_datasheet_2206010045_UNI-ROYAL-Uniroyal-Elec-0603WAF1003T5E_C25803.pdf","Basic","smtWeld","20868686","2026-09-28"
"R33","1","10k: Open-drain current-limit fault pull-up","UNI-ROYAL(Uniroyal Elec)","0603WAF1002T5E","0603","C25804","https://jlcpcb.com/partdetail/C25804","https://www.lcsc.com/datasheet/lcsc_datasheet_2206010045_UNI-ROYAL-Uniroyal-Elec-0603WAF1002T5E_C25804.pdf","Basic","smtWeld","15191596","2026-09-28"
"C21","1","22uF: Buck-boost input reservoir","Samsung Electro-Mechanics","CL21A226MAQNNNE","0805","C45783","https://jlcpcb.com/partdetail/C45783","https://www.lcsc.com/datasheet/lcsc_datasheet_2304140030_Samsung-Electro-Mechanics-CL21A226MAQNNNE_C45783.pdf","Basic","smtWeld","3469394","2026-09-28"
"C22","1","22uF: Buck-boost output reservoir","Samsung Electro-Mechanics","CL21A226MAQNNNE","0805","C45783","https://jlcpcb.com/partdetail/C45783","https://www.lcsc.com/datasheet/lcsc_datasheet_2304140030_Samsung-Electro-Mechanics-CL21A226MAQNNNE_C45783.pdf","Basic","smtWeld","3469394","2026-09-28"
"C23","1","22uF: Buck-boost output reservoir","Samsung Electro-Mechanics","CL21A226MAQNNNE","0805","C45783","https://jlcpcb.com/partdetail/C45783","https://www.lcsc.com/datasheet/lcsc_datasheet_2304140030_Samsung-Electro-Mechanics-CL21A226MAQNNNE_C45783.pdf","Basic","smtWeld","3469394","2026-09-28"
"C24","1","100nF: Buck-boost analog bypass","Samsung Electro-Mechanics","CL05B104KO5NNNC","0402","C1525","https://jlcpcb.com/partdetail/C1525","https://www.lcsc.com/datasheet/lcsc_datasheet_2304140030_Samsung-Electro-Mechanics-CL05B104KO5NNNC_C1525.pdf","Basic","smtWeld","17973853","2026-09-28"
"C25","1","100nF: Supervisor supply bypass","Samsung Electro-Mechanics","CL05B104KO5NNNC","0402","C1525","https://jlcpcb.com/partdetail/C1525","https://www.lcsc.com/datasheet/lcsc_datasheet_2304140030_Samsung-Electro-Mechanics-CL05B104KO5NNNC_C1525.pdf","Basic","smtWeld","17973853","2026-09-28"
"C26","1","1uF: Load switch input bypass","Samsung Electro-Mechanics","CL05A105KA5NQNC","0402","C52923","https://jlcpcb.com/partdetail/C52923","https://www.lcsc.com/datasheet/lcsc_datasheet_2304140030_Samsung-Electro-Mechanics-CL05A105KA5NQNC_C52923.pdf","Basic","smtWeld","4535520","2026-09-28"
