Designator,Mid X,Mid Y,Layer,Rotation
U7,-3.000,-20.000,top,0
U8,-18.000,-22.000,top,0
U9,1.000,-11.000,top,0
L1,-9.000,-20.000,top,90
U1,-10.000,0.000,top,90
U2,-22.000,-4.500,top,90
U3,-27.000,-10.000,top,0
U4,-31.000,0.000,top,0
U5,-34.000,-4.000,top,90
U6,17.000,-15.000,top,0
J1,-40.925,0.000,top,270
F1,-35.000,-11.000,top,0
Y1,-2.900,-3.000,top,90
SW1,-29.000,14.000,top,0
SW2,-29.000,-19.000,top,0
LED1,-29.000,19.000,top,0
LED2,-21.000,19.000,top,0
Q1,15.000,8.000,top,0
Q2,15.000,1.000,top,0
Q3,3.000,8.000,top,0
Q4,15.000,-6.000,top,0
Q5,21.000,-6.000,top,0
J2,6.000,17.000,top,180
J3,18.000,17.000,top,180
J4,30.000,20.000,top,180
J5,11.000,-25.000,top,0
J6,23.000,-25.000,top,0
R1,-34.000,6.000,top,0
R2,-36.000,-7.500,top,0
R3,-18.000,1.000,top,90
R4,-18.000,5.000,top,90
R5,-20.000,12.000,top,0
R6,-25.000,10.000,top,180
R7,-1.500,1.000,top,90
R8,2.000,-7.000,top,180
R9,-25.000,23.000,top,180
R10,-17.000,19.000,top,180
R11,8.000,8.000,top,0
R12,12.000,5.000,top,0
R13,8.000,1.000,top,0
R14,12.000,-2.000,top,0
R15,-1.000,8.000,top,0
R16,3.000,4.000,top,0
R17,10.500,-6.000,top,0
R18,20.000,-2.000,top,0
R19,25.500,-6.000,top,0
R20,11.000,-13.000,top,180
R21,7.000,-16.000,top,0
R22,22.000,-13.000,top,0
R23,26.000,-16.000,top,0
R24,-19.000,10.000,top,0
R25,-15.000,10.000,top,0
C1,-35.000,10.000,top,0
C2,-28.000,-7.000,top,0
C3,-22.800,-10.000,top,0
C4,-13.000,6.000,top,90
C5,-15.000,6.000,top,90
C6,-10.800,-6.500,top,90
C7,-8.500,-6.400,top,90
C8,-3.600,2.000,top,90
C9,-4.400,4.500,top,90
C10,-7.300,5.500,top,90
C11,-8.900,5.500,top,90
C12,-15.200,2.500,top,90
C13,-15.600,-1.000,top,90
C14,-28.500,-4.500,top,180
C15,-2.000,-7.200,top,90
C16,0.300,-2.000,top,90
C17,11.000,-16.000,top,0
C18,22.000,-16.000,top,180
C19,-11.000,6.000,top,90
R26,1.000,-23.000,top,0
R27,1.000,-20.000,top,0
R28,3.000,-17.000,top,0
R29,-18.000,-26.000,top,0
R30,1.000,-26.000,top,0
R31,-3.000,-12.000,top,0
R32,-22.000,-22.000,top,0
R33,-22.000,-25.000,top,0
C21,-5.000,-24.000,top,0
C22,-5.000,-16.000,top,0
C23,-10.500,-12.500,top,180
C24,0.000,-15.000,top,0
C25,4.000,-11.000,top,0
C26,-14.500,-23.000,top,0